ID,Type,Level,CHR_POS_REF_ALT,Variant_LR,Variant_DRGSG,AVG_AF,Estimated_number,Clusters_of_mutations
8553,DRG_or_SG_Specific,C,10-105963991-A-G,Right_Specific,SG_Specific,0.001436861,348,1
8553,DRG_or_SG_Specific,T,10-105963991-A-G,Right_Specific,SG_Specific,0.002292644,218,1
8553,DRG_or_SG_Specific,C,10-16909209-A-C,Right_Specific,SG_Specific,0.000471582,1060,1
8553,DRG_or_SG_Specific,T,10-16909209-A-C,Right_Specific,SG_Specific,0.00190552,262,1
8553,DRG_or_SG_Specific,C,10-78639047-G-T,Right_Specific,SG_Specific,0,NA,0
8553,DRG_or_SG_Specific,T,10-78639047-G-T,Right_Specific,SG_Specific,0.008480093,59,0
8553,DRG_or_SG_Specific,C,1-109321641-A-C,Both_LR,DRG_Specific,0.004873593,103,0
8553,DRG_or_SG_Specific,T,1-109321641-A-C,Both_LR,DRG_Specific,0.011281112,44,0
8553,DRG_or_SG_Specific,C,1-118409122-C-A,Right_Specific,SG_Specific,0.000116128,4306,0
8553,DRG_or_SG_Specific,T,1-118409122-C-A,Right_Specific,SG_Specific,0.014340008,35,0
8553,DRG_or_SG_Specific,C,1-120169847-C-T,Right_Specific,SG_Specific,0.000862235,580,0
8553,DRG_or_SG_Specific,T,1-120169847-C-T,Right_Specific,SG_Specific,0.01552517,32,0
8553,DRG_or_SG_Specific,C,11-64367533-G-A,Right_Specific,SG_Specific,0.001037875,482,1
8553,DRG_or_SG_Specific,T,11-64367533-G-A,Right_Specific,SG_Specific,0.002235521,224,1
8553,DRG_or_SG_Specific,C,1-167294323-G-A,Right_Specific,SG_Specific,0.00102911,486,1
8553,DRG_or_SG_Specific,T,1-167294323-G-A,Right_Specific,SG_Specific,0.002105285,237,1
8553,DRG_or_SG_Specific,C,1-181646811-G-T,Right_Specific,SG_Specific,0.000437117,1144,0
8553,DRG_or_SG_Specific,T,1-181646811-G-T,Right_Specific,SG_Specific,0.006200631,81,0
8553,DRG_or_SG_Specific,C,11-84580079-G-T,Right_Specific,SG_Specific,0.000923824,541,1
8553,DRG_or_SG_Specific,T,11-84580079-G-T,Right_Specific,SG_Specific,0.001883243,265,1
8553,DRG_or_SG_Specific,C,12-112492405-T-C,Right_Specific,SG_Specific,0.00189634,264,1
8553,DRG_or_SG_Specific,T,12-112492405-T-C,Right_Specific,SG_Specific,0.002235133,224,1
8553,DRG_or_SG_Specific,C,12-28606972-A-G,Right_Specific,SG_Specific,0.000543084,921,1
8553,DRG_or_SG_Specific,T,12-28606972-A-G,Right_Specific,SG_Specific,0.001869572,267,1
8553,DRG_or_SG_Specific,C,12-31146669-T-G,Both_LR,SG_Specific,0.049302143,10,0
8553,DRG_or_SG_Specific,T,12-31146669-T-G,Both_LR,SG_Specific,0.000229078,2183,0
8553,DRG_or_SG_Specific,C,1-245477054-C-T,Right_Specific,SG_Specific,0.000690026,725,1
8553,DRG_or_SG_Specific,T,1-245477054-C-T,Right_Specific,SG_Specific,0.002456603,204,1
8553,DRG_or_SG_Specific,C,12-71832612-C-A,Right_Specific,DRG_Specific,0.004533037,110,0
8553,DRG_or_SG_Specific,T,12-71832612-C-A,Right_Specific,DRG_Specific,0.006564751,76,0
8553,DRG_or_SG_Specific,C,12-737307-A-C,Both_LR,SG_Specific,0.000774853,645,0
8553,DRG_or_SG_Specific,T,12-737307-A-C,Both_LR,SG_Specific,0.038910491,13,0
8553,DRG_or_SG_Specific,C,12-97131603-A-C,Right_Specific,DRG_Specific,0.009205147,54,0
8553,DRG_or_SG_Specific,T,12-97131603-A-C,Right_Specific,DRG_Specific,0.009729889,51,0
8553,DRG_or_SG_Specific,C,1-3059202-G-A,Right_Specific,SG_Specific,0.002799583,179,1
8553,DRG_or_SG_Specific,T,1-3059202-G-A,Right_Specific,SG_Specific,0.002243675,223,1
8553,DRG_or_SG_Specific,C,13-101898013-T-C,Right_Specific,DRG_Specific,0.924688021,1,0
8553,DRG_or_SG_Specific,T,13-101898013-T-C,Right_Specific,DRG_Specific,0.954224338,1,0
8553,DRG_or_SG_Specific,C,13-102960619-C-T,Right_Specific,SG_Specific,0.000497037,1006,1
8553,DRG_or_SG_Specific,T,13-102960619-C-T,Right_Specific,SG_Specific,0.001842704,271,1
8553,DRG_or_SG_Specific,C,14-75353835-A-T,Left_Specific,DRG_Specific,0.004688309,107,0
8553,DRG_or_SG_Specific,T,14-75353835-A-T,Left_Specific,DRG_Specific,0.007642327,65,0
8553,DRG_or_SG_Specific,C,14-79050953-T-A,Right_Specific,DRG_Specific,0.005102491,98,0
8553,DRG_or_SG_Specific,T,14-79050953-T-A,Right_Specific,DRG_Specific,0.00024398,2049,0
8553,DRG_or_SG_Specific,C,1-51834122-T-C,Right_Specific,SG_Specific,0.000166583,3002,1
8553,DRG_or_SG_Specific,T,1-51834122-T-C,Right_Specific,SG_Specific,0.002781443,180,1
8553,DRG_or_SG_Specific,C,15-50186589-A-C,Right_Specific,DRG_Specific,0.004098183,122,0
8553,DRG_or_SG_Specific,T,15-50186589-A-C,Right_Specific,DRG_Specific,0.007544352,66,0
8553,DRG_or_SG_Specific,C,1-57735658-G-C,Right_Specific,SG_Specific,0.000110005,4545,0
8553,DRG_or_SG_Specific,T,1-57735658-G-C,Right_Specific,SG_Specific,0.01345864,37,0
8553,DRG_or_SG_Specific,C,15-87435993-C-T,Right_Specific,SG_Specific,0.00048244,1036,1
8553,DRG_or_SG_Specific,T,15-87435993-C-T,Right_Specific,SG_Specific,0.002200953,227,1
8553,DRG_or_SG_Specific,C,15-98401883-G-A,Right_Specific,DRG_Specific,0.000199784,2503,0
8553,DRG_or_SG_Specific,T,15-98401883-G-A,Right_Specific,DRG_Specific,0.002328465,215,0
8553,DRG_or_SG_Specific,C,1-64422355-T-C,Right_Specific,SG_Specific,0.000734522,681,1
8553,DRG_or_SG_Specific,T,1-64422355-T-C,Right_Specific,SG_Specific,0.001935256,258,1
8553,DRG_or_SG_Specific,C,16-65025898-A-G,Right_Specific,SG_Specific,0.001890135,265,1
8553,DRG_or_SG_Specific,T,16-65025898-A-G,Right_Specific,SG_Specific,0.002544725,196,1
8553,DRG_or_SG_Specific,C,16-7540225-T-G,Right_Specific,DRG_Specific,0.005503524,91,0
8553,DRG_or_SG_Specific,T,16-7540225-T-G,Right_Specific,DRG_Specific,0.011798377,42,0
8553,DRG_or_SG_Specific,C,16-7540228-C-A,Right_Specific,DRG_Specific,0.005322011,94,0
8553,DRG_or_SG_Specific,T,16-7540228-C-A,Right_Specific,DRG_Specific,0.011544179,43,0
8553,DRG_or_SG_Specific,C,17-65546751-C-T,Right_Specific,SG_Specific,0.000516867,967,1
8553,DRG_or_SG_Specific,T,17-65546751-C-T,Right_Specific,SG_Specific,0.002499111,200,1
8553,DRG_or_SG_Specific,C,17-71448990-G-A,Right_Specific,SG_Specific,0.001099952,455,1
8553,DRG_or_SG_Specific,T,17-71448990-G-A,Right_Specific,SG_Specific,0.00243495,205,1
8553,DRG_or_SG_Specific,C,17-7210172-C-G,Right_Specific,SG_Specific,0.000935118,535,1
8553,DRG_or_SG_Specific,T,17-7210172-C-G,Right_Specific,SG_Specific,0.001689372,296,1
8553,DRG_or_SG_Specific,C,17-76802935-G-A,Right_Specific,SG_Specific,0.001574533,318,1
8553,DRG_or_SG_Specific,T,17-76802935-G-A,Right_Specific,SG_Specific,0.002101266,238,1
8553,DRG_or_SG_Specific,C,18-28936187-G-A,Right_Specific,SG_Specific,0.000223559,2237,0
8553,DRG_or_SG_Specific,T,18-28936187-G-A,Right_Specific,SG_Specific,0.013700303,36,0
8553,DRG_or_SG_Specific,C,18-55030375-T-C,Right_Specific,SG_Specific,0.000510696,979,1
8553,DRG_or_SG_Specific,T,18-55030375-T-C,Right_Specific,SG_Specific,0.001701688,294,1
8553,DRG_or_SG_Specific,C,18-8159078-T-G,Left_Enriched,SG_Specific,0,NA,0
8553,DRG_or_SG_Specific,T,18-8159078-T-G,Left_Enriched,SG_Specific,0.023163271,22,0
8553,DRG_or_SG_Specific,C,19-14560964-G-T,Right_Specific,SG_Specific,0.001440784,347,1
8553,DRG_or_SG_Specific,T,19-14560964-G-T,Right_Specific,SG_Specific,0.001946599,257,1
8553,DRG_or_SG_Specific,C,19-52377034-C-T,Right_Specific,SG_Specific,0.000194704,2568,0
8553,DRG_or_SG_Specific,T,19-52377034-C-T,Right_Specific,SG_Specific,0.010757125,46,0
8553,DRG_or_SG_Specific,C,20-10586572-T-C,Left_Specific,SG_Specific,0,NA,0
8553,DRG_or_SG_Specific,T,20-10586572-T-C,Left_Specific,SG_Specific,0.005314447,94,0
8553,DRG_or_SG_Specific,C,20-10586575-G-A,Left_Specific,SG_Specific,0.000139237,3591,0
8553,DRG_or_SG_Specific,T,20-10586575-G-A,Left_Specific,SG_Specific,0.005268843,95,0
8553,DRG_or_SG_Specific,C,20-34765537-G-A,Right_Specific,SG_Specific,0.001702498,294,1
8553,DRG_or_SG_Specific,T,20-34765537-G-A,Right_Specific,SG_Specific,0.002060594,243,1
8553,DRG_or_SG_Specific,C,20-40978320-T-A,Right_Specific,SG_Specific,0.000283411,1764,0
8553,DRG_or_SG_Specific,T,20-40978320-T-A,Right_Specific,SG_Specific,0.015220595,33,0
8553,DRG_or_SG_Specific,C,20-41741946-C-A,Right_Specific,DRG_Specific,0.000990096,505,0
8553,DRG_or_SG_Specific,T,20-41741946-C-A,Right_Specific,DRG_Specific,0.005120375,98,0
8553,DRG_or_SG_Specific,C,20-9125536-C-A,Right_Specific,SG_Specific,9.74E-05,5133,0
8553,DRG_or_SG_Specific,T,20-9125536-C-A,Right_Specific,SG_Specific,0.013050141,38,0
8553,DRG_or_SG_Specific,C,2-101661873-T-G,Both_LR,DRG_Specific,0.003730054,134,0
8553,DRG_or_SG_Specific,T,2-101661873-T-G,Both_LR,DRG_Specific,0.005380206,93,0
8553,DRG_or_SG_Specific,C,2-106711727-C-G,Right_Specific,SG_Specific,0,NA,0
8553,DRG_or_SG_Specific,T,2-106711727-C-G,Right_Specific,SG_Specific,0.007227349,69,0
8553,DRG_or_SG_Specific,C,2-108427705-A-G,Right_Specific,DRG_Specific,0.003793512,132,0
8553,DRG_or_SG_Specific,T,2-108427705-A-G,Right_Specific,DRG_Specific,0.000317876,1573,0
8553,DRG_or_SG_Specific,C,2-120110417-C-A,Left_Specific,DRG_Specific,0.00771273,65,0
8553,DRG_or_SG_Specific,T,2-120110417-C-A,Left_Specific,DRG_Specific,0.005193423,96,0
8553,DRG_or_SG_Specific,C,21-27498119-G-C,Right_Specific,SG_Specific,6.27E-05,7974,0
8553,DRG_or_SG_Specific,T,21-27498119-G-C,Right_Specific,SG_Specific,0.016332141,31,0
8553,DRG_or_SG_Specific,C,2-144257229-T-A,Right_Specific,SG_Specific,0.000501325,997,0
8553,DRG_or_SG_Specific,T,2-144257229-T-A,Right_Specific,SG_Specific,0.008635628,58,0
8553,DRG_or_SG_Specific,C,2-160206161-A-C,Left_Specific,SG_Specific,0.00193761,258,0
8553,DRG_or_SG_Specific,T,2-160206161-A-C,Left_Specific,SG_Specific,0.00255428,196,0
8553,DRG_or_SG_Specific,C,2-162520231-A-G,Right_Specific,SG_Specific,0.000799744,625,1
8553,DRG_or_SG_Specific,T,2-162520231-A-G,Right_Specific,SG_Specific,0.002054649,243,1
8553,DRG_or_SG_Specific,C,2-213297695-A-G,Left_Specific,DRG_Specific,0.012786812,39,0
8553,DRG_or_SG_Specific,T,2-213297695-A-G,Left_Specific,DRG_Specific,0.006630203,75,0
8553,DRG_or_SG_Specific,C,2-215942751-C-T,Right_Specific,SG_Specific,0.000667825,749,1
8553,DRG_or_SG_Specific,T,2-215942751-C-T,Right_Specific,SG_Specific,0.00217371,230,1
8553,DRG_or_SG_Specific,C,22-45917644-C-T,Right_Specific,SG_Specific,0.00091245,548,1
8553,DRG_or_SG_Specific,T,22-45917644-C-T,Right_Specific,SG_Specific,0.002505902,200,1
8553,DRG_or_SG_Specific,C,2-3104903-C-T,Right_Specific,SG_Specific,0.000361813,1382,1
8553,DRG_or_SG_Specific,T,2-3104903-C-T,Right_Specific,SG_Specific,0.002446196,204,1
8553,DRG_or_SG_Specific,C,2-40291331-A-G,Right_Specific,SG_Specific,0.000381763,1310,1
8553,DRG_or_SG_Specific,T,2-40291331-A-G,Right_Specific,SG_Specific,0.002123115,236,1
8553,DRG_or_SG_Specific,C,2-44807809-G-C,Right_Specific,SG_Specific,0.000778089,643,1
8553,DRG_or_SG_Specific,T,2-44807809-G-C,Right_Specific,SG_Specific,0.002149745,233,1
8553,DRG_or_SG_Specific,C,3-118451607-A-T,Right_Specific,SG_Specific,0.000487957,1025,1
8553,DRG_or_SG_Specific,T,3-118451607-A-T,Right_Specific,SG_Specific,0.001681847,297,1
8553,DRG_or_SG_Specific,C,3-126465377-A-G,Right_Specific,SG_Specific,0.001191775,420,0
8553,DRG_or_SG_Specific,T,3-126465377-A-G,Right_Specific,SG_Specific,0.01752731,29,0
8553,DRG_or_SG_Specific,C,3-160611449-C-T,Right_Specific,SG_Specific,0.000894872,559,1
8553,DRG_or_SG_Specific,T,3-160611449-C-T,Right_Specific,SG_Specific,0.001568306,319,1
8553,DRG_or_SG_Specific,C,3-172403571-G-A,Right_Specific,SG_Specific,0.001046167,478,1
8553,DRG_or_SG_Specific,T,3-172403571-G-A,Right_Specific,SG_Specific,0.002185942,229,1
8553,DRG_or_SG_Specific,C,3-193943525-C-A,Right_Specific,SG_Specific,0.000160184,3121,0
8553,DRG_or_SG_Specific,T,3-193943525-C-A,Right_Specific,SG_Specific,0.007177268,70,0
8553,DRG_or_SG_Specific,C,3-22019361-A-G,Right_Specific,SG_Specific,0.000187056,2673,0
8553,DRG_or_SG_Specific,T,3-22019361-A-G,Right_Specific,SG_Specific,0.019044536,26,0
8553,DRG_or_SG_Specific,C,3-23566217-A-G,Right_Specific,DRG_Specific,0.005464214,92,0
8553,DRG_or_SG_Specific,T,3-23566217-A-G,Right_Specific,DRG_Specific,0.006880798,73,0
8553,DRG_or_SG_Specific,C,3-44991897-G-A,Right_Specific,SG_Specific,0.000633313,789,1
8553,DRG_or_SG_Specific,T,3-44991897-G-A,Right_Specific,SG_Specific,0.00173312,288,1
8553,DRG_or_SG_Specific,C,3-6675549-G-T,Right_Specific,SG_Specific,0.000241723,2068,0
8553,DRG_or_SG_Specific,T,3-6675549-G-T,Right_Specific,SG_Specific,0.015437332,32,0
8553,DRG_or_SG_Specific,C,3-82133516-T-C,Right_Specific,SG_Specific,0.000758624,659,1
8553,DRG_or_SG_Specific,T,3-82133516-T-C,Right_Specific,SG_Specific,0.002444754,205,1
8553,DRG_or_SG_Specific,C,3-99913202-T-A,Left_Specific,DRG_Specific,0.005412308,92,0
8553,DRG_or_SG_Specific,T,3-99913202-T-A,Left_Specific,DRG_Specific,0.003992772,125,0
8553,DRG_or_SG_Specific,C,4-52754182-C-T,Right_Specific,DRG_Specific,0.003779797,132,0
8553,DRG_or_SG_Specific,T,4-52754182-C-T,Right_Specific,DRG_Specific,0.000335664,1490,0
8553,DRG_or_SG_Specific,C,4-87263280-A-C,Right_Specific,SG_Specific,0.000772866,647,1
8553,DRG_or_SG_Specific,T,4-87263280-A-C,Right_Specific,SG_Specific,0.00196224,255,1
8553,DRG_or_SG_Specific,C,4-93971816-A-T,Right_Specific,SG_Specific,0.000213143,2346,0
8553,DRG_or_SG_Specific,T,4-93971816-A-T,Right_Specific,SG_Specific,0.012854371,39,0
8553,DRG_or_SG_Specific,C,5-109063283-A-G,Right_Specific,SG_Specific,0.000818002,611,1
8553,DRG_or_SG_Specific,T,5-109063283-A-G,Right_Specific,SG_Specific,0.001910859,262,1
8553,DRG_or_SG_Specific,C,5-132273380-G-T,Right_Specific,SG_Specific,0.000381731,1310,0
8553,DRG_or_SG_Specific,T,5-132273380-G-T,Right_Specific,SG_Specific,0.01899509,26,0
8553,DRG_or_SG_Specific,C,5-65070059-C-T,Right_Specific,SG_Specific,0.000931659,537,1
8553,DRG_or_SG_Specific,T,5-65070059-C-T,Right_Specific,SG_Specific,0.002969172,168,1
8553,DRG_or_SG_Specific,C,6-136271205-C-A,Right_Specific,SG_Specific,0.000667116,749,1
8553,DRG_or_SG_Specific,T,6-136271205-C-A,Right_Specific,SG_Specific,0.001777605,281,1
8553,DRG_or_SG_Specific,C,6-139152963-A-C,Left_Enriched,SG_Specific,0.011578127,43,0
8553,DRG_or_SG_Specific,T,6-139152963-A-C,Left_Enriched,SG_Specific,0.004712995,106,0
8553,DRG_or_SG_Specific,C,6-26502212-A-C,Right_Specific,SG_Specific,0.000788433,634,1
8553,DRG_or_SG_Specific,T,6-26502212-A-C,Right_Specific,SG_Specific,0.001781287,281,1
8553,DRG_or_SG_Specific,C,6-57279451-G-A,Left_Specific,SG_Specific,0.257790557,2,0
8553,DRG_or_SG_Specific,T,6-57279451-G-A,Left_Specific,SG_Specific,0.244003068,2,0
8553,DRG_or_SG_Specific,C,7-132036199-G-T,Right_Specific,SG_Specific,6.03E-05,8292,0
8553,DRG_or_SG_Specific,T,7-132036199-G-T,Right_Specific,SG_Specific,0.005949563,84,0
8553,DRG_or_SG_Specific,C,7-137191794-G-T,Right_Specific,SG_Specific,0.000110565,4522,0
8553,DRG_or_SG_Specific,T,7-137191794-G-T,Right_Specific,SG_Specific,0.010450538,48,0
8553,DRG_or_SG_Specific,C,7-154122324-A-G,Right_Specific,SG_Specific,0.001079488,463,1
8553,DRG_or_SG_Specific,T,7-154122324-A-G,Right_Specific,SG_Specific,0.002005808,249,1
8553,DRG_or_SG_Specific,C,7-39129059-G-T,Right_Specific,SG_Specific,0.000424266,1179,0
8553,DRG_or_SG_Specific,T,7-39129059-G-T,Right_Specific,SG_Specific,0.013776634,36,0
8553,DRG_or_SG_Specific,C,7-81638044-T-G,Left_Enriched,SG_Specific,9.33E-05,5359,0
8553,DRG_or_SG_Specific,T,7-81638044-T-G,Left_Enriched,SG_Specific,0.015246735,33,0
8553,DRG_or_SG_Specific,C,7-89841468-A-C,Left_Specific,SG_Specific,0.022392885,22,0
8553,DRG_or_SG_Specific,T,7-89841468-A-C,Left_Specific,SG_Specific,0.000354268,1411,0
8553,DRG_or_SG_Specific,C,7-96623451-G-A,Right_Specific,SG_Specific,0.000564809,885,1
8553,DRG_or_SG_Specific,T,7-96623451-G-A,Right_Specific,SG_Specific,0.001858761,269,1
8553,DRG_or_SG_Specific,C,8-139426160-C-G,Right_Specific,SG_Specific,0.000712731,702,1
8553,DRG_or_SG_Specific,T,8-139426160-C-G,Right_Specific,SG_Specific,0.001774409,282,1
8553,DRG_or_SG_Specific,C,8-15481245-A-T,Both_LR,SG_Specific,0.008177933,61,0
8553,DRG_or_SG_Specific,T,8-15481245-A-T,Both_LR,SG_Specific,0.022063292,23,0
8553,DRG_or_SG_Specific,C,8-71218385-A-C,Both_LR,SG_Specific,0.017285271,29,0
8553,DRG_or_SG_Specific,T,8-71218385-A-C,Both_LR,SG_Specific,0.004086245,122,0
8553,DRG_or_SG_Specific,C,8-82607436-T-C,Right_Specific,SG_Specific,0.000982848,509,1
8553,DRG_or_SG_Specific,T,8-82607436-T-C,Right_Specific,SG_Specific,0.001667048,300,1
8553,DRG_or_SG_Specific,C,9-105926026-G-T,Right_Specific,SG_Specific,0.000248699,2010,0
8553,DRG_or_SG_Specific,T,9-105926026-G-T,Right_Specific,SG_Specific,0.011484232,44,0
8553,DRG_or_SG_Specific,C,9-129777891-T-G,Left_Specific,SG_Specific,0.029637579,17,0
8553,DRG_or_SG_Specific,T,9-129777891-T-G,Left_Specific,SG_Specific,0.004515967,111,0
8553,DRG_or_SG_Specific,C,9-9868122-A-C,Left_Specific,SG_Specific,0.000250865,1993,0
8553,DRG_or_SG_Specific,T,9-9868122-A-C,Left_Specific,SG_Specific,0.003380175,148,0
8553,DRG_or_SG_Specific,C,X-22717257-T-G,Right_Specific,SG_Specific,0.006822815,73,0
8553,DRG_or_SG_Specific,T,X-22717257-T-G,Right_Specific,SG_Specific,0.00064103,780,0
8553,L_or_R_Specific,C,10-105963991-A-G,Right_Specific,SG_Specific,0.045056839,11,1
8553,L_or_R_Specific,C,10-105963991-A-G,Right_Specific,SG_Specific,0.016118057,31,1
8553,L_or_R_Specific,T,10-105963991-A-G,Right_Specific,SG_Specific,0.002302702,217,1
8553,L_or_R_Specific,T,10-107942975-G-A,Left_Specific,Not_DRGSG,0.000565432,884,0
8553,L_or_R_Specific,C,10-16909209-A-C,Right_Specific,SG_Specific,0.046353179,11,1
8553,L_or_R_Specific,C,10-16909209-A-C,Right_Specific,SG_Specific,0.001560079,320,1
8553,L_or_R_Specific,T,10-16909209-A-C,Right_Specific,SG_Specific,0.001993422,251,1
8553,L_or_R_Specific,C,10-34813154-C-T,Right_Specific,Not_DRGSG,0.001077442,464,0
8553,L_or_R_Specific,T,10-34813154-C-T,Right_Specific,Not_DRGSG,0.002732893,183,0
8553,L_or_R_Specific,C,10-78639047-G-T,Right_Specific,SG_Specific,7.87E-05,6353,0
8553,L_or_R_Specific,T,10-78639047-G-T,Right_Specific,SG_Specific,0.008784518,57,0
8553,L_or_R_Specific,C,1-118409122-C-A,Right_Specific,SG_Specific,6.33E-05,7899,0
8553,L_or_R_Specific,T,1-118409122-C-A,Right_Specific,SG_Specific,0.014810855,34,0
8553,L_or_R_Specific,C,1-120169847-C-T,Right_Specific,SG_Specific,0.000742983,673,0
8553,L_or_R_Specific,T,1-120169847-C-T,Right_Specific,SG_Specific,0.01643883,30,0
8553,L_or_R_Specific,C,11-64367533-G-A,Right_Specific,SG_Specific,0.046562906,11,1
8553,L_or_R_Specific,C,11-64367533-G-A,Right_Specific,SG_Specific,0.002723178,184,1
8553,L_or_R_Specific,T,11-64367533-G-A,Right_Specific,SG_Specific,0.002117068,236,1
8553,L_or_R_Specific,C,1-167294323-G-A,Right_Specific,SG_Specific,0.04219639,12,1
8553,L_or_R_Specific,C,1-167294323-G-A,Right_Specific,SG_Specific,0.000538598,928,1
8553,L_or_R_Specific,T,1-167294323-G-A,Right_Specific,SG_Specific,0.002080046,240,1
8553,L_or_R_Specific,C,1-181646811-G-T,Right_Specific,SG_Specific,0.000204372,2447,0
8553,L_or_R_Specific,T,1-181646811-G-T,Right_Specific,SG_Specific,0.006578352,76,0
8553,L_or_R_Specific,C,11-84580079-G-T,Right_Specific,SG_Specific,0.044418081,11,1
8553,L_or_R_Specific,C,11-84580079-G-T,Right_Specific,SG_Specific,0.000661758,756,1
8553,L_or_R_Specific,T,11-84580079-G-T,Right_Specific,SG_Specific,0.001731039,289,1
8553,L_or_R_Specific,C,12-112492405-T-C,Right_Specific,SG_Specific,0.045462996,11,1
8553,L_or_R_Specific,C,12-112492405-T-C,Right_Specific,SG_Specific,0.004413279,113,1
8553,L_or_R_Specific,T,12-112492405-T-C,Right_Specific,SG_Specific,0.002224036,225,1
8553,L_or_R_Specific,C,12-28606972-A-G,Right_Specific,SG_Specific,0.051357996,10,1
8553,L_or_R_Specific,C,12-28606972-A-G,Right_Specific,SG_Specific,0.004406387,113,1
8553,L_or_R_Specific,T,12-28606972-A-G,Right_Specific,SG_Specific,0.002024139,247,1
8553,L_or_R_Specific,C,1-245477054-C-T,Right_Specific,SG_Specific,0.042993658,12,1
8553,L_or_R_Specific,C,1-245477054-C-T,Right_Specific,SG_Specific,0.00182395,274,1
8553,L_or_R_Specific,T,1-245477054-C-T,Right_Specific,SG_Specific,0.002458165,203,1
8553,L_or_R_Specific,C,12-71832612-C-A,Right_Specific,DRG_Specific,0.004368022,114,0
8553,L_or_R_Specific,T,12-71832612-C-A,Right_Specific,DRG_Specific,0.005650249,88,0
8553,L_or_R_Specific,C,12-97131603-A-C,Right_Specific,DRG_Specific,0.008340761,60,0
8553,L_or_R_Specific,T,12-97131603-A-C,Right_Specific,DRG_Specific,0.006498416,77,0
8553,L_or_R_Specific,C,1-3059202-G-A,Right_Specific,SG_Specific,0.046749353,11,1
8553,L_or_R_Specific,C,1-3059202-G-A,Right_Specific,SG_Specific,0.009979195,50,1
8553,L_or_R_Specific,T,1-3059202-G-A,Right_Specific,SG_Specific,0.002760436,181,1
8553,L_or_R_Specific,C,13-101898013-T-C,Right_Specific,DRG_Specific,0.906564884,1,0
8553,L_or_R_Specific,T,13-101898013-T-C,Right_Specific,DRG_Specific,0.955399701,1,0
8553,L_or_R_Specific,C,13-102960619-C-T,Right_Specific,SG_Specific,0.046399634,11,1
8553,L_or_R_Specific,C,13-102960619-C-T,Right_Specific,SG_Specific,0.00023951,2088,1
8553,L_or_R_Specific,T,13-102960619-C-T,Right_Specific,SG_Specific,0.001778093,281,1
8553,L_or_R_Specific,T,14-75353835-A-T,Left_Specific,DRG_Specific,0.003710756,135,0
8553,L_or_R_Specific,C,14-79050953-T-A,Right_Specific,DRG_Specific,0.007266913,69,0
8553,L_or_R_Specific,T,14-79050953-T-A,Right_Specific,DRG_Specific,0.000553179,904,0
8553,L_or_R_Specific,C,1-51834122-T-C,Right_Specific,SG_Specific,0.043942844,11,1
8553,L_or_R_Specific,C,1-51834122-T-C,Right_Specific,SG_Specific,0.009072335,55,1
8553,L_or_R_Specific,T,1-51834122-T-C,Right_Specific,SG_Specific,0.002699101,185,1
8553,L_or_R_Specific,C,15-50186589-A-C,Right_Specific,DRG_Specific,0.002614535,191,0
8553,L_or_R_Specific,T,15-50186589-A-C,Right_Specific,DRG_Specific,0.006259206,80,0
8553,L_or_R_Specific,C,1-57735658-G-C,Right_Specific,SG_Specific,0.000131745,3795,0
8553,L_or_R_Specific,T,1-57735658-G-C,Right_Specific,SG_Specific,0.014106023,35,0
8553,L_or_R_Specific,C,15-87435993-C-T,Right_Specific,SG_Specific,0.247821109,2,1
8553,L_or_R_Specific,C,15-87435993-C-T,Right_Specific,SG_Specific,0.045799755,11,1
8553,L_or_R_Specific,T,15-87435993-C-T,Right_Specific,SG_Specific,0.002683434,186,1
8553,L_or_R_Specific,C,15-98401883-G-A,Right_Specific,DRG_Specific,0.000229359,2180,0
8553,L_or_R_Specific,T,15-98401883-G-A,Right_Specific,DRG_Specific,0.001887686,265,0
8553,L_or_R_Specific,C,1-64422355-T-C,Right_Specific,SG_Specific,0.044952832,11,1
8553,L_or_R_Specific,C,1-64422355-T-C,Right_Specific,SG_Specific,0.001354017,369,1
8553,L_or_R_Specific,T,1-64422355-T-C,Right_Specific,SG_Specific,0.002088268,239,1
8553,L_or_R_Specific,C,16-65025898-A-G,Right_Specific,SG_Specific,0.046217097,11,1
8553,L_or_R_Specific,C,16-65025898-A-G,Right_Specific,SG_Specific,0.013083041,38,1
8553,L_or_R_Specific,T,16-65025898-A-G,Right_Specific,SG_Specific,0.002618511,191,1
8553,L_or_R_Specific,C,16-7540225-T-G,Right_Specific,DRG_Specific,0.004653546,107,0
8553,L_or_R_Specific,T,16-7540225-T-G,Right_Specific,DRG_Specific,0.01010409,49,0
8553,L_or_R_Specific,C,16-7540228-C-A,Right_Specific,DRG_Specific,0.004108943,122,0
8553,L_or_R_Specific,T,16-7540228-C-A,Right_Specific,DRG_Specific,0.010009279,50,0
8553,L_or_R_Specific,T,17-46454059-A-G,Left_Specific,Not_DRGSG,0.003956713,126,0
8553,L_or_R_Specific,C,17-65546751-C-T,Right_Specific,SG_Specific,0.044609476,11,1
8553,L_or_R_Specific,C,17-65546751-C-T,Right_Specific,SG_Specific,0.021465161,23,1
8553,L_or_R_Specific,T,17-65546751-C-T,Right_Specific,SG_Specific,0.00254701,196,1
8553,L_or_R_Specific,C,17-71448990-G-A,Right_Specific,SG_Specific,0.044225646,11,1
8553,L_or_R_Specific,C,17-71448990-G-A,Right_Specific,SG_Specific,0.000170177,2938,1
8553,L_or_R_Specific,T,17-71448990-G-A,Right_Specific,SG_Specific,0.00236582,211,1
8553,L_or_R_Specific,C,17-7210172-C-G,Right_Specific,SG_Specific,0.047692582,10,1
8553,L_or_R_Specific,T,17-7210172-C-G,Right_Specific,SG_Specific,0.001815866,275,1
8553,L_or_R_Specific,C,17-76802935-G-A,Right_Specific,SG_Specific,0.045246518,11,1
8553,L_or_R_Specific,T,17-76802935-G-A,Right_Specific,SG_Specific,0.002227906,224,1
8553,L_or_R_Specific,C,18-28936187-G-A,Right_Specific,SG_Specific,0.00019114,2616,0
8553,L_or_R_Specific,T,18-28936187-G-A,Right_Specific,SG_Specific,0.014243743,35,0
8553,L_or_R_Specific,C,18-55030375-T-C,Right_Specific,SG_Specific,0.044725883,11,1
8553,L_or_R_Specific,T,18-55030375-T-C,Right_Specific,SG_Specific,0.001829364,273,1
8553,L_or_R_Specific,C,19-14560964-G-T,Right_Specific,SG_Specific,0.049287741,10,1
8553,L_or_R_Specific,T,19-14560964-G-T,Right_Specific,SG_Specific,0.001932001,259,1
8553,L_or_R_Specific,C,19-52377034-C-T,Right_Specific,SG_Specific,0.000200679,2492,0
8553,L_or_R_Specific,T,19-52377034-C-T,Right_Specific,SG_Specific,0.011048627,45,0
8553,L_or_R_Specific,T,20-10586572-T-C,Left_Specific,SG_Specific,0.00698899,72,0
8553,L_or_R_Specific,T,20-10586575-G-A,Left_Specific,SG_Specific,0.006936787,72,0
8553,L_or_R_Specific,C,20-34765537-G-A,Right_Specific,SG_Specific,0.048120068,10,1
8553,L_or_R_Specific,T,20-34765537-G-A,Right_Specific,SG_Specific,0.001917026,261,1
8553,L_or_R_Specific,T,20-36005271-T-G,Left_Specific,Not_DRGSG,0.000753961,663,0
8553,L_or_R_Specific,C,20-40978320-T-A,Right_Specific,SG_Specific,0.0001381,3621,0
8553,L_or_R_Specific,T,20-40978320-T-A,Right_Specific,SG_Specific,0.016142258,31,0
8553,L_or_R_Specific,C,20-41741946-C-A,Right_Specific,DRG_Specific,0.000989334,505,0
8553,L_or_R_Specific,T,20-41741946-C-A,Right_Specific,DRG_Specific,0.004799133,104,0
8553,L_or_R_Specific,C,20-9125536-C-A,Right_Specific,SG_Specific,0.00023106,2164,0
8553,L_or_R_Specific,T,20-9125536-C-A,Right_Specific,SG_Specific,0.013721159,36,0
8553,L_or_R_Specific,C,2-106711727-C-G,Right_Specific,SG_Specific,0,NA,0
8553,L_or_R_Specific,T,2-106711727-C-G,Right_Specific,SG_Specific,0.007512449,67,0
8553,L_or_R_Specific,C,2-108427705-A-G,Right_Specific,DRG_Specific,0.005242867,95,0
8553,L_or_R_Specific,T,2-108427705-A-G,Right_Specific,DRG_Specific,0.000400928,1247,0
8553,L_or_R_Specific,T,2-120110417-C-A,Left_Specific,DRG_Specific,0.004480251,112,0
8553,L_or_R_Specific,C,21-27498119-G-C,Right_Specific,SG_Specific,0.000191122,2616,0
8553,L_or_R_Specific,T,21-27498119-G-C,Right_Specific,SG_Specific,0.017062448,29,0
8553,L_or_R_Specific,C,2-144257229-T-A,Right_Specific,SG_Specific,0.000263764,1896,0
8553,L_or_R_Specific,T,2-144257229-T-A,Right_Specific,SG_Specific,0.008983745,56,0
8553,L_or_R_Specific,T,2-160206161-A-C,Left_Specific,SG_Specific,0.002701395,185,0
8553,L_or_R_Specific,C,2-162520231-A-G,Right_Specific,SG_Specific,0.046791686,11,1
8553,L_or_R_Specific,T,2-162520231-A-G,Right_Specific,SG_Specific,0.002138284,234,1
8553,L_or_R_Specific,T,2-213297695-A-G,Left_Specific,DRG_Specific,0.003423109,146,0
8553,L_or_R_Specific,C,2-215942751-C-T,Right_Specific,SG_Specific,0.04430995,11,1
8553,L_or_R_Specific,T,2-215942751-C-T,Right_Specific,SG_Specific,0.002175559,230,1
8553,L_or_R_Specific,C,22-45917644-C-T,Right_Specific,SG_Specific,0.046012909,11,1
8553,L_or_R_Specific,T,22-45917644-C-T,Right_Specific,SG_Specific,0.002499823,200,1
8553,L_or_R_Specific,C,2-3104903-C-T,Right_Specific,SG_Specific,0.04335137,12,1
8553,L_or_R_Specific,T,2-3104903-C-T,Right_Specific,SG_Specific,0.002132139,235,1
8553,L_or_R_Specific,C,2-40291331-A-G,Right_Specific,SG_Specific,0.045235834,11,1
8553,L_or_R_Specific,T,2-40291331-A-G,Right_Specific,SG_Specific,0.002114608,236,1
8553,L_or_R_Specific,C,2-44807809-G-C,Right_Specific,SG_Specific,0.045765899,11,1
8553,L_or_R_Specific,T,2-44807809-G-C,Right_Specific,SG_Specific,0.002108348,237,1
8553,L_or_R_Specific,C,3-118451607-A-T,Right_Specific,SG_Specific,0.044764119,11,1
8553,L_or_R_Specific,T,3-118451607-A-T,Right_Specific,SG_Specific,0.001679898,298,1
8553,L_or_R_Specific,C,3-126465377-A-G,Right_Specific,SG_Specific,0.000837355,597,0
8553,L_or_R_Specific,T,3-126465377-A-G,Right_Specific,SG_Specific,0.018221892,27,0
8553,L_or_R_Specific,C,3-129322852-G-A,Right_Specific,SG_Enriched,0.008322377,60,0
8553,L_or_R_Specific,T,3-129322852-G-A,Right_Specific,SG_Enriched,0.025118355,20,0
8553,L_or_R_Specific,C,3-160611449-C-T,Right_Specific,SG_Specific,0.045021263,11,1
8553,L_or_R_Specific,T,3-160611449-C-T,Right_Specific,SG_Specific,0.001875971,267,1
8553,L_or_R_Specific,C,3-172403571-G-A,Right_Specific,SG_Specific,0.046066374,11,1
8553,L_or_R_Specific,T,3-172403571-G-A,Right_Specific,SG_Specific,0.002225249,225,1
8553,L_or_R_Specific,C,3-193943525-C-A,Right_Specific,SG_Specific,7.56E-05,6614,0
8553,L_or_R_Specific,T,3-193943525-C-A,Right_Specific,SG_Specific,0.00744982,67,0
8553,L_or_R_Specific,C,3-22019361-A-G,Right_Specific,SG_Specific,0.006386882,78,0
8553,L_or_R_Specific,T,3-22019361-A-G,Right_Specific,SG_Specific,0.02613325,19,0
8553,L_or_R_Specific,C,3-23566217-A-G,Right_Specific,DRG_Specific,0.004937584,101,0
8553,L_or_R_Specific,T,3-23566217-A-G,Right_Specific,DRG_Specific,0.00574438,87,0
8553,L_or_R_Specific,C,3-44991897-G-A,Right_Specific,SG_Specific,0.044252762,11,1
8553,L_or_R_Specific,T,3-44991897-G-A,Right_Specific,SG_Specific,0.001898431,263,1
8553,L_or_R_Specific,C,3-6675549-G-T,Right_Specific,SG_Specific,0.000158422,3156,0
8553,L_or_R_Specific,T,3-6675549-G-T,Right_Specific,SG_Specific,0.015891872,31,0
8553,L_or_R_Specific,C,3-82133516-T-C,Right_Specific,SG_Specific,0.045298159,11,1
8553,L_or_R_Specific,T,3-82133516-T-C,Right_Specific,SG_Specific,0.002489728,201,1
8553,L_or_R_Specific,T,3-99913202-T-A,Left_Specific,DRG_Specific,0.003601333,139,0
8553,L_or_R_Specific,C,4-149326441-A-C,Right_Specific,Both_DRGSG,0.017252946,29,0
8553,L_or_R_Specific,T,4-149326441-A-C,Right_Specific,Both_DRGSG,0.007449924,67,0
8553,L_or_R_Specific,C,4-38972882-T-TCTTTTCTTTTGGGA,Right_Specific,SG_Enriched,0.005596745,89,0
8553,L_or_R_Specific,T,4-38972882-T-TCTTTTCTTTTGGGA,Right_Specific,SG_Enriched,0.019280726,26,0
8553,L_or_R_Specific,C,4-52754182-C-T,Right_Specific,DRG_Specific,0.005355597,93,0
8553,L_or_R_Specific,T,4-52754182-C-T,Right_Specific,DRG_Specific,0.00059353,842,0
8553,L_or_R_Specific,C,4-87263280-A-C,Right_Specific,SG_Specific,0.046456188,11,1
8553,L_or_R_Specific,T,4-87263280-A-C,Right_Specific,SG_Specific,0.001864348,268,1
8553,L_or_R_Specific,C,4-93971816-A-T,Right_Specific,SG_Specific,4.59E-05,10893,0
8553,L_or_R_Specific,T,4-93971816-A-T,Right_Specific,SG_Specific,0.013366557,37,0
8553,L_or_R_Specific,T,4-94143434-C-T,Left_Specific,Not_DRGSG,0.001666254,300,0
8553,L_or_R_Specific,C,5-109063283-A-G,Right_Specific,SG_Specific,0.051447834,10,1
8553,L_or_R_Specific,T,5-109063283-A-G,Right_Specific,SG_Specific,0.00199243,251,1
8553,L_or_R_Specific,C,5-132273380-G-T,Right_Specific,SG_Specific,0.002541673,197,0
8553,L_or_R_Specific,T,5-132273380-G-T,Right_Specific,SG_Specific,0.021526159,23,0
8553,L_or_R_Specific,C,5-65070059-C-T,Right_Specific,SG_Specific,0.044423771,11,1
8553,L_or_R_Specific,T,5-65070059-C-T,Right_Specific,SG_Specific,0.002840971,176,1
8553,L_or_R_Specific,C,6-136271205-C-A,Right_Specific,SG_Specific,0.046256216,11,1
8553,L_or_R_Specific,T,6-136271205-C-A,Right_Specific,SG_Specific,0.001857108,269,1
8553,L_or_R_Specific,T,6-142706382-C-T,Left_Specific,Not_DRGSG,0.000507062,986,0
8553,L_or_R_Specific,C,6-26502212-A-C,Right_Specific,SG_Specific,0.047053767,11,1
8553,L_or_R_Specific,T,6-26502212-A-C,Right_Specific,SG_Specific,0.00207386,241,1
8553,L_or_R_Specific,T,6-57279451-G-A,Left_Specific,SG_Specific,0.253275736,2,0
8553,L_or_R_Specific,C,7-132036199-G-T,Right_Specific,SG_Specific,4.44E-05,11261,0
8553,L_or_R_Specific,T,7-132036199-G-T,Right_Specific,SG_Specific,0.006115956,82,0
8553,L_or_R_Specific,C,7-137191794-G-T,Right_Specific,SG_Specific,0.000235392,2124,0
8553,L_or_R_Specific,T,7-137191794-G-T,Right_Specific,SG_Specific,0.011059591,45,0
8553,L_or_R_Specific,C,7-154122324-A-G,Right_Specific,SG_Specific,0.045987614,11,1
8553,L_or_R_Specific,T,7-154122324-A-G,Right_Specific,SG_Specific,0.001953559,256,1
8553,L_or_R_Specific,C,7-39129059-G-T,Right_Specific,SG_Specific,0.000449285,1113,0
8553,L_or_R_Specific,T,7-39129059-G-T,Right_Specific,SG_Specific,0.014247344,35,0
8553,L_or_R_Specific,T,7-89841468-A-C,Left_Specific,SG_Specific,0.000583474,857,0
8553,L_or_R_Specific,C,7-96623451-G-A,Right_Specific,SG_Specific,0.046696805,11,1
8553,L_or_R_Specific,T,7-96623451-G-A,Right_Specific,SG_Specific,0.001915882,261,1
8553,L_or_R_Specific,C,8-139426160-C-G,Right_Specific,SG_Specific,0.045660504,11,1
8553,L_or_R_Specific,T,8-139426160-C-G,Right_Specific,SG_Specific,0.001792268,279,1
8553,L_or_R_Specific,C,8-82607436-T-C,Right_Specific,SG_Specific,0.046891201,11,1
8553,L_or_R_Specific,T,8-82607436-T-C,Right_Specific,SG_Specific,0.001730507,289,1
8553,L_or_R_Specific,C,9-105926026-G-T,Right_Specific,SG_Specific,0.000117937,4240,0
8553,L_or_R_Specific,T,9-105926026-G-T,Right_Specific,SG_Specific,0.011852018,42,0
8553,L_or_R_Specific,T,9-129777891-T-G,Left_Specific,SG_Specific,0.010218134,49,0
8553,L_or_R_Specific,C,9-82492329-T-C,Right_Specific,Both_DRGSG,0.007353294,68,0
8553,L_or_R_Specific,T,9-82492329-T-C,Right_Specific,Both_DRGSG,0.024116086,21,0
8553,L_or_R_Specific,T,9-9868122-A-C,Left_Specific,SG_Specific,0.003502213,143,0
8553,L_or_R_Specific,C,X-22717257-T-G,Right_Specific,SG_Specific,0.003581686,140,0
8553,L_or_R_Specific,T,X-22717257-T-G,Right_Specific,SG_Specific,0.000123571,4046,0
8718,DRG_or_SG_Specific,C,1-157482673-A-C,Left_Specific,SG_Specific,0,NA,0
8718,DRG_or_SG_Specific,T,1-157482673-A-C,Left_Specific,SG_Specific,0.008580482,58,0
8718,DRG_or_SG_Specific,C,1-200932605-G-C,Both_LR,DRG_Specific,0.039802731,13,0
8718,DRG_or_SG_Specific,T,1-200932605-G-C,Both_LR,DRG_Specific,0.059999859,8,0
8718,DRG_or_SG_Specific,C,12-107218318-G-A,Both_LR,DRG_Specific,0.038133109,13,0
8718,DRG_or_SG_Specific,T,12-107218318-G-A,Both_LR,DRG_Specific,0.058396246,9,0
8718,DRG_or_SG_Specific,C,15-35822858-G-A,Both_LR,DRG_Specific,0.033891864,15,0
8718,DRG_or_SG_Specific,T,15-35822858-G-A,Both_LR,DRG_Specific,0.053265242,9,0
8718,DRG_or_SG_Specific,C,17-41051924-G-A,Right_Specific,DRG_Specific,0.018765417,27,0
8718,DRG_or_SG_Specific,T,17-41051924-G-A,Right_Specific,DRG_Specific,0.027890329,18,0
8718,DRG_or_SG_Specific,C,18-37222453-T-G,Left_Specific,SG_Specific,0.00006006,8325,0
8718,DRG_or_SG_Specific,T,18-37222453-T-G,Left_Specific,SG_Specific,0.023920796,21,0
8718,DRG_or_SG_Specific,C,21-15936589-C-T,Both_LR,DRG_Specific,0.044717528,11,0
8718,DRG_or_SG_Specific,T,21-15936589-C-T,Both_LR,DRG_Specific,0.069434212,7,0
8718,DRG_or_SG_Specific,C,2-185754413-T-A,Right_Specific,DRG_Specific,0.02333527,21,0
8718,DRG_or_SG_Specific,T,2-185754413-T-A,Right_Specific,DRG_Specific,0.015575901,32,0
8718,DRG_or_SG_Specific,C,2-185754414-T-A,Right_Specific,DRG_Specific,0.027279403,18,0
8718,DRG_or_SG_Specific,T,2-185754414-T-A,Right_Specific,DRG_Specific,0.016681868,30,0
8718,DRG_or_SG_Specific,C,2-32970969-T-G,Left_Specific,SG_Specific,0,NA,0
8718,DRG_or_SG_Specific,T,2-32970969-T-G,Left_Specific,SG_Specific,0.018893973,26,0
8718,DRG_or_SG_Specific,C,3-129293429-C-T,Right_Specific,DRG_Specific,0.024086626,21,0
8718,DRG_or_SG_Specific,T,3-129293429-C-T,Right_Specific,DRG_Specific,0.025373306,20,0
8718,DRG_or_SG_Specific,C,3-131005969-A-C,Left_Specific,SG_Specific,0,NA,0
8718,DRG_or_SG_Specific,T,3-131005969-A-C,Left_Specific,SG_Specific,0.00777491,64,0
8718,DRG_or_SG_Specific,C,3-99387323-C-A,Both_LR,DRG_Specific,0.050062678,10,0
8718,DRG_or_SG_Specific,T,3-99387323-C-A,Both_LR,DRG_Specific,0.078946417,6,0
8718,DRG_or_SG_Specific,C,4-178881552-G-A,Right_Enriched,DRG_Specific,0.050887592,10,0
8718,DRG_or_SG_Specific,T,4-178881552-G-A,Right_Enriched,DRG_Specific,0.063804915,8,0
8718,DRG_or_SG_Specific,C,6-133741342-C-A,Left_Specific,DRG_Specific,0.031982316,16,0
8718,DRG_or_SG_Specific,T,6-133741342-C-A,Left_Specific,DRG_Specific,0.045322498,11,0
8718,DRG_or_SG_Specific,C,7-47802159-T-A,Right_Specific,SG_Specific,0.00151982,329,0
8718,DRG_or_SG_Specific,T,7-47802159-T-A,Right_Specific,SG_Specific,0.014423387,35,0
8718,DRG_or_SG_Specific,C,7-87927467-C-T,Both_LR,DRG_Specific,0.036523626,14,0
8718,DRG_or_SG_Specific,T,7-87927467-C-T,Both_LR,DRG_Specific,0.051893132,10,0
8718,DRG_or_SG_Specific,C,8-69242060-A-T,Both_LR,DRG_Specific,0.021682823,23,0
8718,DRG_or_SG_Specific,T,8-69242060-A-T,Both_LR,DRG_Specific,0.029239478,17,0
8718,DRG_or_SG_Specific,C,X-38510016-T-A,Both_LR,DRG_Specific,0.026890951,19,0
8718,DRG_or_SG_Specific,T,X-38510016-T-A,Both_LR,DRG_Specific,0.040129973,12,0
8718,L_or_R_Specific,C,10-112331142-T-C,Left_Specific,Not_DRGSG,0.000981612,509,0
8718,L_or_R_Specific,T,10-112331142-T-C,Left_Specific,Not_DRGSG,0.000416781,1200,0
8718,L_or_R_Specific,C,1-157482673-A-C,Left_Specific,SG_Specific,5.01E-05,9980,0
8718,L_or_R_Specific,T,1-157482673-A-C,Left_Specific,SG_Specific,0.009849398,51,0
8718,L_or_R_Specific,C,16-77822856-T-G,Left_Specific,Not_DRGSG,5.10E-05,9804,0
8718,L_or_R_Specific,T,16-77822856-T-G,Left_Specific,Not_DRGSG,0.064237257,8,0
8718,L_or_R_Specific,C,17-41051924-G-A,Right_Specific,DRG_Specific,0.016938078,30,0
8718,L_or_R_Specific,T,17-41051924-G-A,Right_Specific,DRG_Specific,0.016615088,30,0
8718,L_or_R_Specific,C,18-37222453-T-G,Left_Specific,SG_Specific,0.000229464,2179,0
8718,L_or_R_Specific,T,18-37222453-T-G,Left_Specific,SG_Specific,0.026850953,19,0
8718,L_or_R_Specific,C,2-185754413-T-A,Right_Specific,DRG_Specific,0.028728581,17,0
8718,L_or_R_Specific,T,2-185754413-T-A,Right_Specific,DRG_Specific,0.010060356,50,0
8718,L_or_R_Specific,C,2-185754414-T-A,Right_Specific,DRG_Specific,0.03303127,15,0
8718,L_or_R_Specific,T,2-185754414-T-A,Right_Specific,DRG_Specific,0.011687964,43,0
8718,L_or_R_Specific,C,2-32970969-T-G,Left_Specific,SG_Specific,0,NA,0
8718,L_or_R_Specific,T,2-32970969-T-G,Left_Specific,SG_Specific,0.02159538,23,0
8718,L_or_R_Specific,C,3-129293429-C-T,Right_Specific,DRG_Specific,0.02297947,22,0
8718,L_or_R_Specific,T,3-129293429-C-T,Right_Specific,DRG_Specific,0.031917247,16,0
8718,L_or_R_Specific,C,3-131005969-A-C,Left_Specific,SG_Specific,1.59E-05,31447,0
8718,L_or_R_Specific,T,3-131005969-A-C,Left_Specific,SG_Specific,0.008882595,56,0
8718,L_or_R_Specific,C,6-133741342-C-A,Left_Specific,DRG_Specific,0.02539301,20,0
8718,L_or_R_Specific,T,6-133741342-C-A,Left_Specific,DRG_Specific,0.03901971,13,0
8718,L_or_R_Specific,C,7-47802159-T-A,Right_Specific,SG_Specific,0.000993075,503,0
8718,L_or_R_Specific,T,7-47802159-T-A,Right_Specific,SG_Specific,0.013242469,38,0
8990,DRG_or_SG_Specific,C,10-118015448-G-A,Right_Specific,SG_Specific,0.002398897,208,0
8990,DRG_or_SG_Specific,T,10-118015448-G-A,Right_Specific,SG_Specific,0.000722887,692,0
8990,DRG_or_SG_Specific,C,10-124560327-G-A,Right_Enriched,SG_Specific,0.001848718,270,0
8990,DRG_or_SG_Specific,T,10-124560327-G-A,Right_Enriched,SG_Specific,0.001715583,291,0
8990,DRG_or_SG_Specific,C,10-5580989-T-C,Left_Specific,SG_Specific,0.001274617,392,0
8990,DRG_or_SG_Specific,T,10-5580989-T-C,Left_Specific,SG_Specific,0.00149642,334,0
8990,DRG_or_SG_Specific,C,11-31192235-G-A,Left_Specific,DRG_Specific,0.000163422,3060,0
8990,DRG_or_SG_Specific,T,11-31192235-G-A,Left_Specific,DRG_Specific,0.000186372,2683,0
8990,DRG_or_SG_Specific,C,1-155157595-C-T,Right_Enriched,DRG_Specific,0.002482215,201,0
8990,DRG_or_SG_Specific,T,1-155157595-C-T,Right_Enriched,DRG_Specific,0.002082217,240,0
8990,DRG_or_SG_Specific,C,12-57456895-C-T,Right_Enriched,SG_Specific,0.000721206,693,0
8990,DRG_or_SG_Specific,T,12-57456895-C-T,Right_Enriched,SG_Specific,0.001500614,333,0
8990,DRG_or_SG_Specific,C,1-29444386-C-A,Both_LR,SG_Specific,0.003271885,153,0
8990,DRG_or_SG_Specific,T,1-29444386-C-A,Both_LR,SG_Specific,0.001955455,256,0
8990,DRG_or_SG_Specific,C,13-82448034-T-A,Both_LR,SG_Specific,0.003762329,133,0
8990,DRG_or_SG_Specific,T,13-82448034-T-A,Both_LR,SG_Specific,0.004020245,124,0
8990,DRG_or_SG_Specific,C,16-50605357-G-A,Right_Specific,SG_Specific,0.000578078,865,0
8990,DRG_or_SG_Specific,T,16-50605357-G-A,Right_Specific,SG_Specific,0.000689281,725,0
8990,DRG_or_SG_Specific,C,18-31805916-G-T,Right_Specific,DRG_Specific,0.000394958,1266,0
8990,DRG_or_SG_Specific,T,18-31805916-G-T,Right_Specific,DRG_Specific,0.00232772,215,0
8990,DRG_or_SG_Specific,C,1-856466-C-T,Right_Enriched,SG_Specific,0.00149337,335,0
8990,DRG_or_SG_Specific,T,1-856466-C-T,Right_Enriched,SG_Specific,0.001174192,426,0
8990,DRG_or_SG_Specific,C,2-101549381-C-T,Left_Specific,DRG_Specific,0.000922373,542,0
8990,DRG_or_SG_Specific,T,2-101549381-C-T,Left_Specific,DRG_Specific,0.002175868,230,0
8990,DRG_or_SG_Specific,C,21-36242433-G-A,Both_LR,DRG_Specific,0.000095859,5216,0
8990,DRG_or_SG_Specific,T,21-36242433-G-A,Both_LR,DRG_Specific,0.001200567,416,0
8990,DRG_or_SG_Specific,C,21-45968533-C-T,Right_Enriched,DRG_Specific,0.006006486,83,0
8990,DRG_or_SG_Specific,T,21-45968533-C-T,Right_Enriched,DRG_Specific,0.002587652,193,0
8990,DRG_or_SG_Specific,C,21-46860202-C-T,Right_Enriched,SG_Specific,0.001067282,468,0
8990,DRG_or_SG_Specific,T,21-46860202-C-T,Right_Enriched,SG_Specific,0.001603838,312,0
8990,DRG_or_SG_Specific,C,2-227985263-C-T,Right_Specific,SG_Specific,0.002189592,228,0
8990,DRG_or_SG_Specific,T,2-227985263-C-T,Right_Specific,SG_Specific,0.002732994,183,0
8990,DRG_or_SG_Specific,C,5-117781135-C-T,Left_Specific,DRG_Specific,0.000803257,622,0
8990,DRG_or_SG_Specific,T,5-117781135-C-T,Left_Specific,DRG_Specific,0.001803248,277,0
8990,DRG_or_SG_Specific,C,5-83143851-G-A,Both_LR,SG_Specific,0.015875972,31,0
8990,DRG_or_SG_Specific,T,5-83143851-G-A,Both_LR,SG_Specific,0.013075541,38,0
8990,DRG_or_SG_Specific,C,6-109849884-G-A,Both_LR,SG_Specific,0.002505763,200,0
8990,DRG_or_SG_Specific,T,6-109849884-G-A,Both_LR,SG_Specific,0.002191978,228,0
8990,DRG_or_SG_Specific,C,7-127632172-C-T,Left_Specific,SG_Specific,0.001538876,325,0
8990,DRG_or_SG_Specific,T,7-127632172-C-T,Left_Specific,SG_Specific,0.001964097,255,0
8990,DRG_or_SG_Specific,C,7-129909203-T-C,Left_Enriched,SG_Specific,0.001320392,379,0
8990,DRG_or_SG_Specific,T,7-129909203-T-C,Left_Enriched,SG_Specific,0.001742223,287,0
8990,DRG_or_SG_Specific,C,7-154242905-C-T,Left_Specific,SG_Specific,0.001000387,500,0
8990,DRG_or_SG_Specific,T,7-154242905-C-T,Left_Specific,SG_Specific,0.001822249,274,0
8990,DRG_or_SG_Specific,C,7-155083595-G-A,Right_Enriched,SG_Specific,0.002944112,170,0
8990,DRG_or_SG_Specific,T,7-155083595-G-A,Right_Enriched,SG_Specific,0.001812013,276,0
8990,DRG_or_SG_Specific,C,8-116469357-G-A,Left_Specific,SG_Specific,0.000466299,1072,0
8990,DRG_or_SG_Specific,T,8-116469357-G-A,Left_Specific,SG_Specific,0.001504006,332,0
8990,DRG_or_SG_Specific,C,8-133156806-C-T,Left_Specific,SG_Specific,0.001646714,304,0
8990,DRG_or_SG_Specific,T,8-133156806-C-T,Left_Specific,SG_Specific,0.002064155,242,0
8990,DRG_or_SG_Specific,C,8-64666546-A-G,Left_Specific,SG_Specific,0.000982418,509,0
8990,DRG_or_SG_Specific,T,8-64666546-A-G,Left_Specific,SG_Specific,0.001709344,293,0
8990,L_or_R_Specific,C,10-102539294-G-A,Left_Specific,Not_DRGSG,0.000362255,1380,0
8990,L_or_R_Specific,T,10-102539294-G-A,Left_Specific,Not_DRGSG,0.00032113,1557,0
8990,L_or_R_Specific,C,10-114031703-T-G,Right_Specific,Not_DRGSG,0.000116604,4288,0
8990,L_or_R_Specific,T,10-114031703-T-G,Right_Specific,Not_DRGSG,0.000114523,4366,0
8990,L_or_R_Specific,C,10-118015448-G-A,Right_Specific,SG_Specific,0.001486084,336,0
8990,L_or_R_Specific,T,10-118015448-G-A,Right_Specific,SG_Specific,0.000722279,692,0
8990,L_or_R_Specific,C,10-121276137-G-A,Left_Specific,Not_DRGSG,0.000446783,1119,0
8990,L_or_R_Specific,T,10-121276137-G-A,Left_Specific,Not_DRGSG,0.000552896,904,0
8990,L_or_R_Specific,C,10-5580989-T-C,Left_Specific,SG_Specific,0.001436921,348,0
8990,L_or_R_Specific,T,10-5580989-T-C,Left_Specific,SG_Specific,0.001340375,373,0
8990,L_or_R_Specific,C,10-56605333-C-T,Left_Specific,Not_DRGSG,0.000227902,2194,0
8990,L_or_R_Specific,T,10-56605333-C-T,Left_Specific,Not_DRGSG,0.000251038,1992,0
8990,L_or_R_Specific,C,1-117262682-C-T,Left_Specific,Not_DRGSG,0.000126031,3967,0
8990,L_or_R_Specific,T,1-117262682-C-T,Left_Specific,Not_DRGSG,0.000194078,2576,0
8990,L_or_R_Specific,C,1-118500682-G-A,Left_Specific,Not_DRGSG,0.000399333,1252,0
8990,L_or_R_Specific,T,1-118500682-G-A,Left_Specific,Not_DRGSG,0.000190691,2622,0
8990,L_or_R_Specific,C,1-120056649-C-T,Right_Specific,Not_DRGSG,0.000796252,628,0
8990,L_or_R_Specific,T,1-120056649-C-T,Right_Specific,Not_DRGSG,0.001184645,422,0
8990,L_or_R_Specific,C,11-31192235-G-A,Left_Specific,DRG_Specific,0.000146743,3407,0
8990,L_or_R_Specific,T,11-31192235-G-A,Left_Specific,DRG_Specific,0.000275095,1818,0
8990,L_or_R_Specific,C,11-35376937-G-A,Right_Specific,Not_DRGSG,0.000439161,1139,0
8990,L_or_R_Specific,T,11-35376937-G-A,Right_Specific,Not_DRGSG,0.000572683,873,0
8990,L_or_R_Specific,C,11-63885385-C-T,Left_Specific,Both_DRGSG,0.001775239,282,0
8990,L_or_R_Specific,T,11-63885385-C-T,Left_Specific,Both_DRGSG,0.005298272,94,0
8990,L_or_R_Specific,C,11-64330455-T-A,Right_Specific,Not_DRGSG,1.49E-05,33595,0
8990,L_or_R_Specific,T,11-64330455-T-A,Right_Specific,Not_DRGSG,2.00E-05,24973,0
8990,L_or_R_Specific,C,12-111847289-G-A,Right_Specific,Not_DRGSG,0.000636686,785,0
8990,L_or_R_Specific,T,12-111847289-G-A,Right_Specific,Not_DRGSG,0.000441119,1133,0
8990,L_or_R_Specific,C,12-117470380-G-A,Right_Specific,Not_DRGSG,0.000262613,1904,0
8990,L_or_R_Specific,T,12-117470380-G-A,Right_Specific,Not_DRGSG,0.000242101,2065,0
8990,L_or_R_Specific,C,12-127667751-G-A,Right_Specific,Not_DRGSG,0.000319993,1563,0
8990,L_or_R_Specific,T,12-127667751-G-A,Right_Specific,Not_DRGSG,0.000458706,1090,0
8990,L_or_R_Specific,C,12-16624030-A-T,Right_Specific,Not_DRGSG,0,NA,0
8990,L_or_R_Specific,T,12-16624030-A-T,Right_Specific,Not_DRGSG,0,NA,0
8990,L_or_R_Specific,C,1-221249515-A-G,Right_Specific,Not_DRGSG,0.001513581,330,0
8990,L_or_R_Specific,T,1-221249515-A-G,Right_Specific,Not_DRGSG,0.001345243,372,0
8990,L_or_R_Specific,C,12-25723680-C-T,Right_Specific,Not_DRGSG,0.000369288,1354,0
8990,L_or_R_Specific,T,12-25723680-C-T,Right_Specific,Not_DRGSG,0.00027242,1835,0
8990,L_or_R_Specific,C,12-40291063-A-C,Right_Specific,Not_DRGSG,2.85E-05,17523,0
8990,L_or_R_Specific,T,12-40291063-A-C,Right_Specific,Not_DRGSG,2.85E-05,17568,0
8990,L_or_R_Specific,C,13-108921244-C-A,Right_Specific,Not_DRGSG,7.81E-05,6398,0
8990,L_or_R_Specific,T,13-108921244-C-A,Right_Specific,Not_DRGSG,7.80E-05,6409,0
8990,L_or_R_Specific,C,13-112927075-G-A,Left_Specific,Not_DRGSG,0.000642432,778,0
8990,L_or_R_Specific,T,13-112927075-G-A,Left_Specific,Not_DRGSG,0.00055432,902,0
8990,L_or_R_Specific,C,13-113156255-C-G,Right_Specific,DRG_Enriched,0.004108601,122,0
8990,L_or_R_Specific,T,13-113156255-C-G,Right_Specific,DRG_Enriched,0.002747768,182,0
8990,L_or_R_Specific,C,13-29750977-G-A,Right_Specific,Not_DRGSG,0.001697421,295,0
8990,L_or_R_Specific,T,13-29750977-G-A,Right_Specific,Not_DRGSG,0.001135933,440,0
8990,L_or_R_Specific,C,1-3422111-G-A,Right_Specific,Not_DRGSG,0.000157605,3172,0
8990,L_or_R_Specific,T,1-3422111-G-A,Right_Specific,Not_DRGSG,0.000359794,1390,0
8990,L_or_R_Specific,C,14-27429833-G-A,Left_Specific,Not_DRGSG,0.000163545,3057,0
8990,L_or_R_Specific,T,14-27429833-G-A,Left_Specific,Not_DRGSG,0.000160354,3118,0
8990,L_or_R_Specific,C,14-86349141-G-A,Left_Specific,Not_DRGSG,0.000221979,2252,0
8990,L_or_R_Specific,T,14-86349141-G-A,Left_Specific,Not_DRGSG,0.000171136,2922,0
8990,L_or_R_Specific,C,15-86278230-C-T,Left_Specific,Not_DRGSG,0.000455145,1099,0
8990,L_or_R_Specific,T,15-86278230-C-T,Left_Specific,Not_DRGSG,0.000167504,2985,0
8990,L_or_R_Specific,C,15-86620433-C-T,Left_Specific,Not_DRGSG,0.000176192,2838,0
8990,L_or_R_Specific,T,15-86620433-C-T,Left_Specific,Not_DRGSG,0.000123212,4058,0
8990,L_or_R_Specific,C,16-50605357-G-A,Right_Specific,SG_Specific,0.000345062,1449,0
8990,L_or_R_Specific,T,16-50605357-G-A,Right_Specific,SG_Specific,0.001285916,389,0
8990,L_or_R_Specific,C,17-33306354-G-A,Right_Specific,Not_DRGSG,8.59E-05,5819,0
8990,L_or_R_Specific,T,17-33306354-G-A,Right_Specific,Not_DRGSG,0.000186939,2675,0
8990,L_or_R_Specific,C,17-49583905-G-A,Left_Specific,Not_DRGSG,0.00293599,170,0
8990,L_or_R_Specific,T,17-49583905-G-A,Left_Specific,Not_DRGSG,0.002295212,218,0
8990,L_or_R_Specific,C,17-51219336-G-T,Right_Specific,Not_DRGSG,6.01E-05,8318,0
8990,L_or_R_Specific,T,17-51219336-G-T,Right_Specific,Not_DRGSG,0.00003853,12977,0
8990,L_or_R_Specific,C,1-77414966-C-T,Left_Specific,Not_DRGSG,0.000119522,4183,0
8990,L_or_R_Specific,T,1-77414966-C-T,Left_Specific,Not_DRGSG,9.71E-05,5149,0
8990,L_or_R_Specific,C,18-31805916-G-T,Right_Specific,DRG_Specific,0.000594815,841,0
8990,L_or_R_Specific,T,18-31805916-G-T,Right_Specific,DRG_Specific,0.00192476,260,0
8990,L_or_R_Specific,C,18-48823734-G-A,Right_Specific,Not_DRGSG,0.000386731,1293,0
8990,L_or_R_Specific,T,18-48823734-G-A,Right_Specific,Not_DRGSG,0.000367795,1359,0
8990,L_or_R_Specific,C,18-49006662-G-T,Left_Specific,Not_DRGSG,0,NA,0
8990,L_or_R_Specific,T,18-49006662-G-T,Left_Specific,Not_DRGSG,1.67E-05,29952,0
8990,L_or_R_Specific,C,18-72671690-A-G,Left_Specific,Not_DRGSG,0.000143565,3483,0
8990,L_or_R_Specific,T,18-72671690-A-G,Left_Specific,Not_DRGSG,6.74E-05,7418,0
8990,L_or_R_Specific,C,19-45552570-C-T,Left_Specific,Not_DRGSG,0.000226296,2209,0
8990,L_or_R_Specific,T,19-45552570-C-T,Left_Specific,Not_DRGSG,0.000229289,2181,0
8990,L_or_R_Specific,C,19-55217044-C-T,Right_Specific,Not_DRGSG,0.000364306,1372,0
8990,L_or_R_Specific,T,19-55217044-C-T,Right_Specific,Not_DRGSG,0.000402388,1243,0
8990,L_or_R_Specific,C,20-16385709-G-A,Right_Specific,Not_DRGSG,7.41E-05,6745,0
8990,L_or_R_Specific,T,20-16385709-G-A,Right_Specific,Not_DRGSG,0.000344499,1451,0
8990,L_or_R_Specific,C,20-61082901-G-A,Right_Specific,Not_DRGSG,0.000670426,746,0
8990,L_or_R_Specific,T,20-61082901-G-A,Right_Specific,Not_DRGSG,0.000394962,1266,0
8990,L_or_R_Specific,C,2-101549381-C-T,Left_Specific,DRG_Specific,0.001008795,496,0
8990,L_or_R_Specific,T,2-101549381-C-T,Left_Specific,DRG_Specific,0.002376914,210,0
8990,L_or_R_Specific,C,2-114457927-C-T,Left_Specific,Not_DRGSG,0.000362206,1380,0
8990,L_or_R_Specific,T,2-114457927-C-T,Left_Specific,Not_DRGSG,0.000373724,1338,0
8990,L_or_R_Specific,C,2-15144298-G-A,Right_Specific,Not_DRGSG,0.000258496,1934,0
8990,L_or_R_Specific,T,2-15144298-G-A,Right_Specific,Not_DRGSG,0.000217482,2299,0
8990,L_or_R_Specific,C,2-162453256-G-T,Left_Specific,Not_DRGSG,0.001362825,367,0
8990,L_or_R_Specific,T,2-162453256-G-T,Left_Specific,Not_DRGSG,0.001898658,263,0
8990,L_or_R_Specific,C,2-164177591-A-G,Right_Specific,Not_DRGSG,0.000359211,1392,0
8990,L_or_R_Specific,T,2-164177591-A-G,Right_Specific,Not_DRGSG,0.000353015,1416,0
8990,L_or_R_Specific,C,2-195383393-T-A,Right_Specific,Not_DRGSG,3.80E-05,13174,0
8990,L_or_R_Specific,T,2-195383393-T-A,Right_Specific,Not_DRGSG,0,NA,0
8990,L_or_R_Specific,C,22-24356696-T-G,Left_Specific,Not_DRGSG,0.000186267,2684,0
8990,L_or_R_Specific,T,22-24356696-T-G,Left_Specific,Not_DRGSG,0.000378802,1320,0
8990,L_or_R_Specific,C,2-227985263-C-T,Right_Specific,SG_Specific,0.002416051,207,0
8990,L_or_R_Specific,T,2-227985263-C-T,Right_Specific,SG_Specific,0.002482085,201,0
8990,L_or_R_Specific,C,2-233113602-G-A,Left_Specific,Not_DRGSG,0.000227325,2199,0
8990,L_or_R_Specific,T,2-233113602-G-A,Left_Specific,Not_DRGSG,0.000146951,3402,0
8990,L_or_R_Specific,C,2-84153579-T-C,Right_Specific,Not_DRGSG,0.000440219,1136,0
8990,L_or_R_Specific,T,2-84153579-T-C,Right_Specific,Not_DRGSG,0.000528105,947,0
8990,L_or_R_Specific,C,3-107758057-G-A,Right_Specific,Not_DRGSG,0.000139645,3581,0
8990,L_or_R_Specific,T,3-107758057-G-A,Right_Specific,Not_DRGSG,0.000246041,2032,0
8990,L_or_R_Specific,C,3-173877494-C-T,Left_Specific,Not_DRGSG,0.000865897,577,0
8990,L_or_R_Specific,T,3-173877494-C-T,Left_Specific,Not_DRGSG,0.000464886,1076,0
8990,L_or_R_Specific,C,3-56135710-C-T,Left_Specific,Not_DRGSG,0.000130886,3820,0
8990,L_or_R_Specific,T,3-56135710-C-T,Left_Specific,Not_DRGSG,0.000208111,2403,0
8990,L_or_R_Specific,C,3-80973597-A-G,Right_Specific,Not_DRGSG,0.000766238,653,0
8990,L_or_R_Specific,T,3-80973597-A-G,Right_Specific,Not_DRGSG,0.000841928,594,0
8990,L_or_R_Specific,C,4-122926731-C-T,Right_Specific,Not_DRGSG,0.000443795,1127,0
8990,L_or_R_Specific,T,4-122926731-C-T,Right_Specific,Not_DRGSG,0.000334187,1496,0
8990,L_or_R_Specific,C,4-160283086-G-A,Left_Specific,Not_DRGSG,0,NA,0
8990,L_or_R_Specific,T,4-160283086-G-A,Left_Specific,Not_DRGSG,0.000205502,2433,0
8990,L_or_R_Specific,C,4-16263544-C-T,Right_Specific,DRG_Enriched,0.003917387,128,0
8990,L_or_R_Specific,T,4-16263544-C-T,Right_Specific,DRG_Enriched,0.002896445,173,0
8990,L_or_R_Specific,C,4-179215397-G-C,Right_Specific,Not_DRGSG,0.0000089,56180,0
8990,L_or_R_Specific,T,4-179215397-G-C,Right_Specific,Not_DRGSG,0.0000038,131579,0
8990,L_or_R_Specific,C,4-188405424-A-T,Right_Specific,Not_DRGSG,7.94E-05,6300,0
8990,L_or_R_Specific,T,4-188405424-A-T,Right_Specific,Not_DRGSG,1.51E-05,33180,0
8990,L_or_R_Specific,C,4-21807778-C-T,Right_Specific,Not_DRGSG,0.000233543,2141,0
8990,L_or_R_Specific,T,4-21807778-C-T,Right_Specific,Not_DRGSG,0.000316186,1581,0
8990,L_or_R_Specific,C,5-117781135-C-T,Left_Specific,DRG_Specific,0.00013344,3747,0
8990,L_or_R_Specific,T,5-117781135-C-T,Left_Specific,DRG_Specific,0.001288744,388,0
8990,L_or_R_Specific,C,5-133061791-G-A,Left_Specific,Not_DRGSG,0.000324792,1539,0
8990,L_or_R_Specific,T,5-133061791-G-A,Left_Specific,Not_DRGSG,0.000280648,1782,0
8990,L_or_R_Specific,C,5-68125010-C-T,Left_Specific,Not_DRGSG,0.00026305,1901,0
8990,L_or_R_Specific,T,5-68125010-C-T,Left_Specific,Not_DRGSG,0.000127155,3932,0
8990,L_or_R_Specific,C,5-9973140-G-C,Left_Specific,Not_DRGSG,0,NA,0
8990,L_or_R_Specific,T,5-9973140-G-C,Left_Specific,Not_DRGSG,0,NA,0
8990,L_or_R_Specific,C,6-132201046-C-T,Left_Specific,Not_DRGSG,0.000162013,3086,0
8990,L_or_R_Specific,T,6-132201046-C-T,Left_Specific,Not_DRGSG,0.000284631,1757,0
8990,L_or_R_Specific,C,6-170864397-C-T,Left_Specific,Not_DRGSG,0.000172141,2905,0
8990,L_or_R_Specific,T,6-170864397-C-T,Left_Specific,Not_DRGSG,0.000347699,1438,0
8990,L_or_R_Specific,C,6-57327836-G-T,Right_Specific,Not_DRGSG,8.61E-05,5805,0
8990,L_or_R_Specific,T,6-57327836-G-T,Right_Specific,Not_DRGSG,0.000134756,3710,0
8990,L_or_R_Specific,C,6-6325801-G-A,Right_Specific,Not_DRGSG,0.00094297,530,0
8990,L_or_R_Specific,T,6-6325801-G-A,Right_Specific,Not_DRGSG,0.000806006,620,0
8990,L_or_R_Specific,C,6-68671983-C-A,Left_Specific,Not_DRGSG,0,NA,0
8990,L_or_R_Specific,T,6-68671983-C-A,Left_Specific,Not_DRGSG,0,NA,0
8990,L_or_R_Specific,C,6-81776667-A-C,Left_Specific,Not_DRGSG,0,NA,0
8990,L_or_R_Specific,T,6-81776667-A-C,Left_Specific,Not_DRGSG,2.61E-05,19184,0
8990,L_or_R_Specific,C,6-99591809-G-A,Right_Specific,Not_DRGSG,0.000179354,2788,0
8990,L_or_R_Specific,T,6-99591809-G-A,Right_Specific,Not_DRGSG,0.000101464,4928,0
8990,L_or_R_Specific,C,7-127632172-C-T,Left_Specific,SG_Specific,0.002512057,199,0
8990,L_or_R_Specific,T,7-127632172-C-T,Left_Specific,SG_Specific,0.002245339,223,0
8990,L_or_R_Specific,C,7-132121045-C-G,Right_Specific,Not_DRGSG,0.0000085,58824,0
8990,L_or_R_Specific,T,7-132121045-C-G,Right_Specific,Not_DRGSG,2.44E-06,204639,0
8990,L_or_R_Specific,C,7-141597556-C-A,Left_Specific,Not_DRGSG,0,NA,0
8990,L_or_R_Specific,T,7-141597556-C-A,Left_Specific,Not_DRGSG,1.13E-05,44374,0
8990,L_or_R_Specific,C,7-154242905-C-T,Left_Specific,SG_Specific,0.00184017,272,0
8990,L_or_R_Specific,T,7-154242905-C-T,Left_Specific,SG_Specific,0.002216316,226,0
8990,L_or_R_Specific,C,7-157903908-C-T,Left_Specific,Not_DRGSG,0.000460368,1086,0
8990,L_or_R_Specific,T,7-157903908-C-T,Left_Specific,Not_DRGSG,0.000480754,1040,0
8990,L_or_R_Specific,C,7-92901319-T-C,Left_Specific,Not_DRGSG,0.000201119,2486,0
8990,L_or_R_Specific,T,7-92901319-T-C,Left_Specific,Not_DRGSG,0.000212926,2348,0
8990,L_or_R_Specific,C,8-113846457-C-G,Right_Specific,Not_DRGSG,0,NA,0
8990,L_or_R_Specific,T,8-113846457-C-G,Right_Specific,Not_DRGSG,0,NA,0
8990,L_or_R_Specific,C,8-116469357-G-A,Left_Specific,SG_Specific,0.000700922,713,0
8990,L_or_R_Specific,T,8-116469357-G-A,Left_Specific,SG_Specific,0.002147724,233,0
8990,L_or_R_Specific,C,8-133156806-C-T,Left_Specific,SG_Specific,0.002764739,181,0
8990,L_or_R_Specific,T,8-133156806-C-T,Left_Specific,SG_Specific,0.002345416,213,0
8990,L_or_R_Specific,C,8-141072004-A-T,Right_Specific,Not_DRGSG,0,NA,0
8990,L_or_R_Specific,T,8-141072004-A-T,Right_Specific,Not_DRGSG,7.71E-05,6489,0
8990,L_or_R_Specific,C,8-145114593-C-T,Right_Specific,Not_DRGSG,0.000310079,1612,0
8990,L_or_R_Specific,T,8-145114593-C-T,Right_Specific,Not_DRGSG,0.000277353,1803,0
8990,L_or_R_Specific,C,8-20261509-G-A,Left_Specific,Not_DRGSG,0.000408847,1223,0
8990,L_or_R_Specific,T,8-20261509-G-A,Left_Specific,Not_DRGSG,0.000401342,1246,0
8990,L_or_R_Specific,C,8-24462682-G-T,Left_Specific,Not_DRGSG,0,NA,0
8990,L_or_R_Specific,T,8-24462682-G-T,Left_Specific,Not_DRGSG,5.64E-06,88670,0
8990,L_or_R_Specific,C,8-64666546-A-G,Left_Specific,SG_Specific,0.001107951,451,0
8990,L_or_R_Specific,T,8-64666546-A-G,Left_Specific,SG_Specific,0.001394516,359,0
8990,L_or_R_Specific,C,8-86130218-C-A,Left_Specific,Not_DRGSG,0.000102585,4874,0
8990,L_or_R_Specific,T,8-86130218-C-A,Left_Specific,Not_DRGSG,3.29E-05,15203,0
8990,L_or_R_Specific,C,8-9991707-C-T,Left_Specific,Not_DRGSG,0.000112483,4445,0
8990,L_or_R_Specific,T,8-9991707-C-T,Left_Specific,Not_DRGSG,0.000189553,2638,0
8990,L_or_R_Specific,C,9-105884943-G-A,Left_Specific,Not_DRGSG,0.000177518,2817,0
8990,L_or_R_Specific,T,9-105884943-G-A,Left_Specific,Not_DRGSG,0.000257642,1941,0
8990,L_or_R_Specific,C,9-120296020-G-A,Left_Specific,Not_DRGSG,0.000206093,2426,0
8990,L_or_R_Specific,T,9-120296020-G-A,Left_Specific,Not_DRGSG,0.000318886,1568,0
8990,L_or_R_Specific,C,9-136494036-G-A,Right_Specific,Not_DRGSG,0.000403457,1239,0
8990,L_or_R_Specific,T,9-136494036-G-A,Right_Specific,Not_DRGSG,0.000451953,1106,0
8990,L_or_R_Specific,C,X-108612805-T-C,Right_Specific,Not_DRGSG,0.000121036,4131,0
8990,L_or_R_Specific,T,X-108612805-T-C,Right_Specific,Not_DRGSG,4.19E-05,11929,0
8990,L_or_R_Specific,C,X-11595998-G-A,Right_Specific,Not_DRGSG,0.000386998,1292,0
8990,L_or_R_Specific,T,X-11595998-G-A,Right_Specific,Not_DRGSG,0.000261949,1909,0
8990,L_or_R_Specific,C,X-143805009-C-T,Left_Specific,Not_DRGSG,0.000187776,2663,0
8990,L_or_R_Specific,T,X-143805009-C-T,Left_Specific,Not_DRGSG,0.000159043,3144,0
8990,L_or_R_Specific,C,X-151397758-C-T,Right_Specific,Not_DRGSG,0.000463905,1078,0
8990,L_or_R_Specific,T,X-151397758-C-T,Right_Specific,Not_DRGSG,0.000579787,862,0
8990,L_or_R_Specific,C,X-33206067-G-T,Right_Specific,Not_DRGSG,2.98E-05,16788,0
8990,L_or_R_Specific,T,X-33206067-G-T,Right_Specific,Not_DRGSG,5.15E-05,9717,0
8990,L_or_R_Specific,C,X-45793092-G-C,Right_Specific,Not_DRGSG,0,NA,0
8990,L_or_R_Specific,T,X-45793092-G-C,Right_Specific,Not_DRGSG,0,NA,0
8990,L_or_R_Specific,C,X-67877815-G-T,Left_Specific,SG_Enriched,0.009142694,55,0
8990,L_or_R_Specific,T,X-67877815-G-T,Left_Specific,SG_Enriched,0.004048336,124,0
8990,L_or_R_Specific,C,X-72634663-G-A,Right_Specific,Not_DRGSG,6.51E-05,7679,0
8990,L_or_R_Specific,T,X-72634663-G-A,Right_Specific,Not_DRGSG,0.000100882,4956,0
